ID ,Nimi ,Namn ,Name ,Osoite ,Adress ,Kaupunki ,Stad ,Operaattor ,Kapasiteet ,x ,y 
501,Hanasaari,Hanaholmen,Hanasaari,Hanasaarenranta 1,Hanaholmsstranden 1,Espoo,Esbo,CityBike Finland,10,"24,84","60,166"
503,Keilalahti,Kägelviken,Keilalahti,Keilalahdentie 2,Kägelviksvägen 2,Espoo,Esbo,CityBike Finland,28,"24,827","60,172"
505,Westendinasema,Westendstationen,Westendinasema,Westendintie 1,Westendvägen 1,Espoo,Esbo,CityBike Finland,16,"24,806","60,168"
507,Golfpolku,Golfstigen,Golfpolku,Golfpolku 3,Golfstigen 3,Espoo,Esbo,CityBike Finland,16,"24,796","60,168"
509,Revontulentie,Norrskensvägen,Revontulentie,Revontulentie 10,Norrskensvägen 10,Espoo,Esbo,CityBike Finland,30,"24,803","60,172"
511,Sateentie,Regnvägen,Sateentie,Sateentie 2,Regnvägen 2,Espoo,Esbo,CityBike Finland,18,"24,811","60,173"
513,Hakalehto,Hagliden,Hakalehto,Merituulentie 18,Havsvindsvägen 18,Espoo,Esbo,CityBike Finland,24,"24,791","60,174"
515,Oravannahkatori,Gråskinnstorget,Oravannahkatori,Oravannahkatori 1,Gråskinnstorget 1,Espoo,Esbo,CityBike Finland,16,"24,793","60,176"
517,Länsituuli,Västanvinden,Länsituuli,Länsituulenkuja 3,Västanvindsgränden 3,Espoo,Esbo,CityBike Finland,24,"24,802","60,175"
518,Tuulimäki,Väderbacken,Tuulimäki,Itätuulenkuja 11,Östanvindsgränden 11,Espoo,Esbo,CityBike Finland,18,"24,806","60,174"
519,Tapionaukio,Tapioplatsen,Tapionaukio,Tapionaukio 9,Tapioplatsen 9,Espoo,Esbo,CityBike Finland,26,"24,806","60,176"
521,Kulttuuriaukio,Kulturplatsen,Kulttuuriaukio,Kulttuuriaukio 2,Kulturplatsen 2,Espoo,Esbo,CityBike Finland,30,"24,804","60,178"
523,Ahertajantie,Flitarvägen,Ahertajantie,Ahertajantie 1,Flitargränden 1,Espoo,Esbo,CityBike Finland,20,"24,798","60,179"
525,Mäntyviita,Tallbysket,Mäntyviita,Mäntyviita 2,Tallbysket 2,Espoo,Esbo,CityBike Finland,10,"24,811","60,179"
527,Otsolahti,Björnviken,Otsolahti,Otsolahdentie 18,Björnviksvägen 18,Espoo,Esbo,CityBike Finland,18,"24,817","60,179"
529,Keilaniemi (M),Kägeludden (M),Keilaniemi (M),Keilaniementie 4,Kägeluddsvägen 4,Espoo,Esbo,CityBike Finland,40,"24,829","60,175"
531,Keilaranta,Kägelstranden,Keilaranta,Keilaranta 13,Kägelstranden 13,Espoo,Esbo,CityBike Finland,24,"24,835","60,179"
532,Betonimies,Betongblandaren,Betonimies,Betonimiehenkuja 1,Betongblandargränden 1,Espoo,Esbo,CityBike Finland,16,"24,832","60,18"
533,Tekniikantie,Teknikvägen,Tekniikantie,Tekniikantie 3,Teknikvägen 3,Espoo,Esbo,CityBike Finland,18,"24,825","60,181"
537,Innopoli,Innopoli,Innopoli,Tekniikantie 14,Teknikvägen 14,Espoo,Esbo,CityBike Finland,20,"24,814","60,185"
538,Hagalundinpuisto,Hagalundinpuisto,Hagalundsparken,Tekniikantie 15,Teknikvägen 15,Espoo,Esbo,CityBike Finland,14,"24,817","60,184"
539,"Aalto-yliopisto (M), Tietot","Aalto-universitetet (M),","Aalto University (M), Tietotie",Tietotie 4,Datavägen 4,Espoo,Esbo,CityBike Finland,20,"24,82","60,185"
541,"Aalto-yliopisto (M), Korkea","Aalto-universitetet (M),","Aalto University (M), Korkeakoulua",Otaniementie 10,Otnäsvägen 10,Espoo,Esbo,CityBike Finland,42,"24,827","60,184"
543,Otaranta,Oststranden,Otaranta,Otaranta 6,Otstranden 6,Espoo,Esbo,CityBike Finland,22,"24,837","60,185"
545,Sähkömies,Strömkarlen,Sähkömies,Otakaari 3,Otsvängen 3,Espoo,Esbo,CityBike Finland,12,"24,83","60,188"
547,Jämeräntaival,Bistervägen,Jämeräntaival,Otakaari 18,Otsvängen 18,Espoo,Esbo,CityBike Finland,30,"24,835","60,188"
549,Maarinranta,Marstranden,Maarinranta,Maarinrannantie 4,Marstrandvägen 4,Espoo,Esbo,CityBike Finland,12,"24,81","60,188"
551,Tietäjä,Siaren,Tietäjä,Valkjärventie 4,Valkjärvivägen 4,Espoo,Esbo,CityBike Finland,20,"24,807","60,189"
553,Metsänneidonpolku,Skogsjungfrustigen,Metsänneidonpolku,Metsänneidonpolku 5,Skogsjungfrustigen 5,Espoo,Esbo,CityBike Finland,19,"24,806","60,187"
555,Kalevalantie,Kalevalavägen,Kalevalantie,Kalevalantie 7,Kalevalavägen 7,Espoo,Esbo,CityBike Finland,21,"24,804","60,185"
557,Louhentori,Louhitorget,Louhentori,Louhentie 16,Louhivägen 16,Espoo,Esbo,CityBike Finland,16,"24,797","60,187"
559,Pohjankulma,Norrhörnet,Pohjankulma,Louhentie 2,Louhivägen 2,Espoo,Esbo,CityBike Finland,25,"24,794","60,183"
561,Koivu-Mankkaa,Björkmankans,Koivu-Mankkaa,Urpu 6,Hänget 6,Espoo,Esbo,CityBike Finland,23,"24,786","60,183"
563,Mankkaanlaaksontie,Mankansdalsvägen,Mankkaanlaaksontie,Mankkaanlaaksontie 1,Mankansdalsvägen 1,Espoo,Esbo,CityBike Finland,26,"24,78","60,189"
565,Mankkaanaukio,Mankansplatsen,Mankkaanaukio,Mankkaantie 3,Mankasvägen 3,Espoo,Esbo,CityBike Finland,20,"24,769","60,195"
571,Tapiolan urheilupuisto,Hagalunds idrottspark,Tapiola Sports Park,Urheilupuistontie 3,Idrottsparksvägen 3,Espoo,Esbo,CityBike Finland,32,"24,785","60,178"
573,Urheilupuisto (M),Idrottsparken (M),Sports Park (M),Jousenpuistonkatu 4,Bågparksgatan 4,Espoo,Esbo,CityBike Finland,28,"24,779","60,175"
575,Tontunmäentie,Tomtekullavägen,Tontunmäentie,Tontunmäentie 25,Tomtekullavägen 25,Espoo,Esbo,CityBike Finland,16,"24,77","60,176"
577,Olarinluoma,Olarsbäcken,Olarinluoma,Olarinluoma 19,Olarsbäcken 19,Espoo,Esbo,CityBike Finland,18,"24,761","60,181"
579,Niittymaa,Ängsmalmen,Niittymaa,Niittymaantie 2,Ängsmalmsvägen 2,Espoo,Esbo,CityBike Finland,21,"24,776","60,171"
581,Niittykumpu (M),Ängskulla (M),Niittykumpu (M),Merituulentie 38,Havsvindsvägen 38,Espoo,Esbo,CityBike Finland,35,"24,763","60,171"
583,Haukilahdenkatu,Gäddviksgatan,Haukilahdenkatu,Ahventie 2,Abborrvägen 2,Espoo,Esbo,CityBike Finland,16,"24,773","60,166"
585,Haukilahdenaukio,Gäddviksplatsen,Haukilahdenaukio,Haukilahdenranta 2,Gäddviksstranden 2,Espoo,Esbo,CityBike Finland,16,"24,776","60,162"
587,Hauenkallio,Gäddberget,Hauenkallio,Hauenkalliontie 12,Gäddbergsvägen 12,Espoo,Esbo,CityBike Finland,12,"24,768","60,162"
589,Haukilahdenranta,Gäddviksstranden,Haukilahdenranta,Haukilahdenranta 13,Gäddviksstranden 13,Espoo,Esbo,CityBike Finland,16,"24,77","60,158"
591,Mellstenintie,Mellstensvägen,Mellstenintie,Mellstenintie 17,Mellstensvägen 17,Espoo,Esbo,CityBike Finland,25,"24,774","60,155"
593,Toppelundintie,Toppelundsvägen,Toppelundintie,Toppelundintie 11,Toppelundsvägen 11,Espoo,Esbo,CityBike Finland,12,"24,782","60,159"
595,Westendintie,Westendvägen,Westendintie,Westendintie 34,Westendvägen 34,Espoo,Esbo,CityBike Finland,16,"24,792","60,158"
596,Toppelundinportti,Toppelundsporten,Toppelundinportti,Haukilahdenkatu 2,Gäddviksgatan 2,Espoo,Esbo,CityBike Finland,20,"24,785","60,162"
597,Linnakepolku,Fortstigen,Linnakepolku,Westendintie 99,Westendvägen 99,Espoo,Esbo,CityBike Finland,10,"24,79","60,164"
601,Nokkala,Nokkala,Nokkala,Nokkalanniemi 2,Nokkalaparken 2,Espoo,Esbo,CityBike Finland,18,"24,754","60,148"
603,Matinlahdenranta,Mattviksstranden,Matinlahdenranta,Rantamäki 2,Strandbacken 2,Espoo,Esbo,CityBike Finland,20,"24,754","60,151"
607,Nuottaniementie,Notuddsvägen,Nuottaniementie,Nuottatie 1,Notvägen 1,Espoo,Esbo,CityBike Finland,15,"24,742","60,148"
609,Sepetlahdentie,Sepetviksvägen,Sepetlahdentie,Sepetlahdentie 11,Sepetviksvägen 11,Espoo,Esbo,CityBike Finland,10,"24,741","60,152"
611,Matinkartanontie,Mattgårdvägen,Matinkartanontie,Matinkartanontie 2,Mattsgårdsvägen 2,Espoo,Esbo,CityBike Finland,21,"24,752","60,156"
613,Matinkyläntie,Mattbyvägen,Matinkyläntie,Joosepinkuja 1,Josefsgränden 1,Espoo,Esbo,CityBike Finland,15,"24,745","60,156"
615,Tiistiläntie,Distbyvägen,Tiistiläntie,Tiistiläntie 6,Distbyvägen 6,Espoo,Esbo,CityBike Finland,24,"24,738","60,157"
617,Tiistinkallio,Distberget,Tiistinkallio,Kalastajantie 29,Fiskarvägen 29,Espoo,Esbo,CityBike Finland,12,"24,729","60,154"
619,Etuniementie,Framnäsvägen,Etuniementie,Kalastajantie 6,Fiskarvägen 6,Espoo,Esbo,CityBike Finland,10,"24,725","60,161"
621,Hauenkalliontie,Gäddbergsvägen,Hauenkalliontie,Hauenkalliontie 22,Gäddbergsvägen 22,Espoo,Esbo,CityBike Finland,12,"24,756","60,161"
623,Nelikkotie,Fjärdingsvägen,Nelikkotie,Nelikkotie 14,Fjärdingsvägen 14,Espoo,Esbo,CityBike Finland,16,"24,747","60,162"
625,Suomenlahdentie,Finnviksvägen,Suomenlahdentie,Suomenlahdentie 2,Finnviksvägen 2,Espoo,Esbo,CityBike Finland,32,"24,741","60,16"
627,Piispansilta,Biskopsbron,Piispansilta,Piispansilta 11,Biskopsknuten 11,Espoo,Esbo,CityBike Finland,44,"24,738","60,162"
629,Piispanportti,Biskopsporten,Piispanportti,Piispanportti 4,Biskopsporten 4,Espoo,Esbo,CityBike Finland,16,"24,733","60,166"
631,Friisilänaukio,Frisansplatsen,Friisilänaukio,Friisiläntie 2,Frisansvägen 2,Espoo,Esbo,CityBike Finland,12,"24,721","60,163"
633,Avaruuskatu,Rymdgatan,Avaruuskatu,Avaruuskatu 1,Rymdgatan 2,Espoo,Esbo,CityBike Finland,16,"24,725","60,169"
635,Kuunkatu,Mångatan,Kuunkatu,Kuunkatu 3,Mångatan 3,Espoo,Esbo,CityBike Finland,24,"24,726","60,173"
637,Ruomelantie,Romensvägen,Ruomelantie,Ruomelantie 19,Romensvägen 19,Espoo,Esbo,CityBike Finland,12,"24,729","60,175"
639,Itäportti,Österporten,Itäportti,Ruomelantie 5,Romensvägen 5,Espoo,Esbo,CityBike Finland,18,"24,738","60,175"
641,Komeetankatu,Kometgatan,Komeetankatu,Komeetankatu 2,Kometgatan 2,Espoo,Esbo,CityBike Finland,16,"24,736","60,167"
643,Auringonkatu,Solgatan,Auringonkatu,Auringonkatu 2,Solbanan 2,Espoo,Esbo,CityBike Finland,20,"24,731","60,172"
645,Piispankallio,Biskopsberget,Piispankallio,Piispankallio 2,Biskopsberget 2,Espoo,Esbo,CityBike Finland,16,"24,744","60,168"
647,Lystimäki,Lustikulla,Lystimäki,Lystimäentie 2,Lustikullavägen 2,Espoo,Esbo,CityBike Finland,12,"24,746","60,173"
649,Lystimäensilta,Lustikullabron,Lystimäensilta,Vuosikuja 2,Årsgränden 2,Espoo,Esbo,CityBike Finland,15,"24,752","60,175"
651,Suurpellonaukio,Storåkersplatsen,Suurpellonaukio,Suurpellon puistokatu 4,Storaåkerns parkgata 4,Espoo,Esbo,CityBike Finland,24,"24,744","60,185"
653,Lukutori,Lukutorget,Lukutori,Suurpellon puistokatu 18,Storaåkerns parkgata 18,Espoo,Esbo,CityBike Finland,14,"24,743","60,187"
701,Gallen-Kallelan tie,Gallen-Kallelas väg,Gallen-Kallelan tie,Gallen-Kallelan tie 29,Gallen-Kallelas vägen 29,Espoo,Esbo,CityBike Finland,10,"24,841","60,206"
703,Elfvik,Elfvik,Elfvik,Elfvikintie 4,Elfviksvägen 4,Espoo,Esbo,CityBike Finland,10,"24,823","60,204"
705,Laajalahden keskus,Bredviks centrum,Laajalahden keskus,Kirvuntie 22,Kirvusvägen 22,Espoo,Esbo,CityBike Finland,19,"24,805","60,204"
707,Majurinkulma,Majorshörnet,Majurinkulma,Itsehallintotie 8,Självstyrelsevägen 8,Espoo,Esbo,CityBike Finland,24,"24,825","60,211"
709,Yhdyskunnankuja,Samhällsgränden,Yhdyskunnankuja,Yhdyskunnankuja 1,Samhällsgränden 1,Espoo,Esbo,CityBike Finland,20,"24,82","60,213"
711,Kirjurinkuja,Skrivargränden,Kirjurinkuja,Kirjurinkuja 1,Skrivargränden 1,Espoo,Esbo,CityBike Finland,26,"24,826","60,216"
713,Upseerinkatu,Officersgatan,Upseerinkatu,Upseerinkatu 3,Officersgatan 3,Espoo,Esbo,CityBike Finland,30,"24,819","60,216"
715,Komentajankatu,Kommendörsgatan,Komentajankatu,Perkkaantie 5,Bergansvägen 5,Espoo,Esbo,CityBike Finland,12,"24,822","60,216"
719,Säteri,Säteri,Säteri,Säterinkatu 6,Säterigatan 6,Espoo,Esbo,CityBike Finland,32,"24,812","60,213"
721,Säterinrinne,Säteribrinken,Säterinrinne,Ruusutorpantie 1,Rosatorpsvägen 1,Espoo,Esbo,CityBike Finland,16,"24,806","60,214"
723,Säterinniitty,Säteriängen,Säterinniitty,Säterinpuistontie 16,Säteriparksvägen 16,Espoo,Esbo,CityBike Finland,10,"24,8","60,215"
725,Rummunlyöjänkatu,Trumslagargatan,Rummunlyöjänkatu,Leppävaarankatu 13,Albergagatan 13,Espoo,Esbo,CityBike Finland,20,"24,806","60,217"
727,Ratsutori,Ryttartorget,Ratsutori,Leppävaarankatu 1,Albergagatan 1,Espoo,Esbo,CityBike Finland,33,"24,812","60,217"
729,Leppävaaranaukio,Albergaplanen,Leppävaaranaukio,Hevosenkenkä 3,Hästskon 3,Espoo,Esbo,CityBike Finland,30,"24,814","60,219"
731,Leppävaarankäytävä,Albergapassagen,Leppävaarankäytävä,Läkkisepänkuja 3,Bleckslagargränden 3,Espoo,Esbo,CityBike Finland,21,"24,813","60,22"
733,Läkkitori,Blecktorget,Läkkitori,Läkkisepänkuja 3,Bleckslagargränden 3,Espoo,Esbo,CityBike Finland,25,"24,813","60,221"
735,Armas Launiksen katu,Armas Launis gata,Armas Launiksen katu,Armas Launiksen katu 8,Armas Launis gata 8,Espoo,Esbo,CityBike Finland,20,"24,818","60,222"
737,Muurarinkuja,Murargränden,Muurarinkuja,Muurarinkuja 4,Murargränden 4,Espoo,Esbo,CityBike Finland,19,"24,812","60,224"
739,Postipuun koulu,Postipuun koulu,Postipuun koulu,Mäkkylän puistotie 14,Mäkkyläallén 14,Espoo,Esbo,CityBike Finland,16,"24,826","60,224"
741,Gransinmäki,Gransbacken,Gransinmäki,Vanha maantie 6,Gamla landsvägen 6,Espoo,Esbo,CityBike Finland,20,"24,805","60,222"
745,Leppävaaran urheilupuisto,Alberga idrottspark,Leppävaaran urheilupuisto,Veräjäpellonkatu 17,Grindåkersgatan 17,Espoo,Esbo,CityBike Finland,32,"24,801","60,225"
747,Leppävaaran uimahalli,Alberga simhall,Leppävaaran uimahalli,Veräjäpellonkatu 12,Grindåkersgatan 12,Espoo,Esbo,CityBike Finland,18,"24,805","60,226"
749,Vallikatu,Vallgatan,Vallikatu,Vallikatu 19,Vallgatan 19,Espoo,Esbo,CityBike Finland,24,"24,814","60,228"
751,Vallipolku,Vallgången,Vallipolku,Vallikatu 12,Vallgatan 12,Espoo,Esbo,CityBike Finland,20,"24,82","60,228"
753,Linnuntie,Fågelvägen,Linnuntie,Linnuntie 2,Fågelsvägen 2,Espoo,Esbo,CityBike Finland,24,"24,814","60,234"
755,Kutsuntatie,Uppbådsvägen,Kutsuntatie,Lintulaaksontie 2,Fågeldalsvägen 2,Espoo,Esbo,CityBike Finland,16,"24,825","60,23"
757,Painiitty,Pajängen,Painiitty,Lotankatu 1,Lottagatan 1,Espoo,Esbo,CityBike Finland,12,"24,831","60,235"
761,Mäkkylän asema,Mäkkylä station,Mäkkylän asema,Perkkaantie 20,Bergansvägen 20,Espoo,Esbo,CityBike Finland,32,"24,839","60,22"
763,Kalkkipellonmäki,Kalkåkersbacken,Kalkkipellonmäki,Turuntie 22,Åbovägen 22,Espoo,Esbo,CityBike Finland,24,"24,834","60,221"
767,Ruutikatu,Krutgatan,Ruutikatu,Ruutikatu 10,Krugranden 10,Espoo,Esbo,CityBike Finland,10,"24,821","60,223"
769,Tiurintie,Tiurisvägen,Tiurintie,Kurkijoentie 1,Kronoborgsvägen 1,Espoo,Esbo,CityBike Finland,12,"24,815","60,205"
900,Orionintie,Orionvägen,Orionintie,Orionintie 3-5,Orionvägen 3-5,Espoo,Esbo,CityBike Finland,20,"24,772","60,18"
901,O'Bike Station,O'Bike Station,O'Bike Station,Rauhalanpuisto 11,Rauhalaparken 11,Espoo,Esbo,CityBike Finland,20,"24,742","60,163"
902,Derby Business Park,Derby Business Park,Derby Business Park,Tarvonsalmenkatu 17,Tarvosundsgatan 17,Espoo,Esbo,CityBike Finland,20,"24,835","60,209"
1,Kaivopuisto,Brunnsparken,Kaivopuisto,Meritori 1,Havstorget 1,,,,30,"24,95","60,155"
2,Laivasillankatu,Skeppsbrogatan,Laivasillankatu,Laivasillankatu 14,Skeppsbrogatan 14,,,,12,"24,957","60,161"
3,Kapteeninpuistikko,Kaptensskvären,Kapteeninpuistikko,Tehtaankatu 13,Fabriksgatan 13,,,,16,"24,945","60,158"
4,Viiskulma,Femkanten,Viiskulma,Fredrikinkatu 19,Fredriksgatan 19,,,,14,"24,942","60,161"
5,Sepänkatu,Smedsgatan,Sepänkatu,Tehtaankatu 25,Fabriksgatan 25,,,,32,"24,936","60,158"
6,Hietalahdentori,Sandvikens torg,Hietalahdentori,Hietalahdenkatu 2,Sandviksgatan 2,,,,24,"24,93","60,162"
7,Designmuseo,Designmuseet,Design Museum,Korkeavuorenkatu 23,Högbergsgatan 23,,,,14,"24,946","60,163"
8,Vanha kirkkopuisto,Gamla kyrkoparken,Vanha kirkkopuisto,Annankatu 16,Annegatan 16,,,,24,"24,939","60,165"
9,Erottajan aukio,Skillnadsplatsen,Erottajan aukio,Eteläesplanadi 22,Södra esplanaden 22,,,,44,"24,944","60,167"
10,Kasarmitori,Kaserntorget,Kasarmitori,Fabianinkatu 13,Fabiansgatan 13,,,,28,"24,949","60,165"
11,Unioninkatu,Unionsgatan,Unioninkatu,Eteläesplanadi 1,Södra esplanaden 1,,,,22,"24,951","60,167"
12,Kanavaranta,Kanalkajen,Kanavaranta,Kanavaranta 1,Kanalkajen 1,,,,34,"24,958","60,168"
13,Merisotilaantori,Flottisttorget,Merisotilaantori,Merisotilaantori,Flottisttorget,,,,24,"24,976","60,168"
14,Senaatintori,Senatstorget,Senate Square,Aleksanterinkatu 22,Alexandersgatan 22,,,,22,"24,953","60,169"
15,Ritarikatu,Riddaregatan,Ritarikatu,Ritarikatu 7,Riddaregatan 7,,,,12,"24,956","60,171"
16,Liisanpuistikko,Elisabetsskvären,Liisanpuistikko,Liisankatu 1,Elisabetsgatan 1,,,,16,"24,961","60,174"
17,Varsapuistikko,Fölskvären,Varsapuistikko,Yrjö-Koskisen katu 1,Yrjö-Koskinens gata 1,,,,28,"24,949","60,173"
18,Porthania,Porthania,Porthania,Yliopistonkatu 3,Universitetsgatan 3,,,,30,"24,949","60,17"
19,Rautatientori / itä,Järnvägstorget/öst,Central Railway Station/East,Rautatientori 1,Järnvägstorget 1,,,,20,"24,943","60,171"
20,Kaisaniemenpuisto,Kajsaniemiparken,Kaisaniemenpuisto,Bergbominkuja 1,Bergbomsgränden 1,,,,22,"24,943","60,173"
21,Töölönlahdenkatu,Tölöviksgatan,Töölönlahdenkatu,Elielinaukio 5,Elielplatsen 5,,,,44,"24,939","60,172"
22,Rautatientori / länsi,Järnvägstorget/väst,Central Railway Station/West,Kaivokatu 1,Brunnsgatan 1,,,,16,"24,94","60,171"
23,Kiasma,Kiasma,Kiasma,Mannerheiminaukio 1,Mannerheimplatsen 1,,,,30,"24,937","60,171"
24,Mannerheimintie,Mannerheimvägen,Mannerheimintie,Mannerheiminitie 18,Mannerheimvägen 18,,,,20,"24,939","60,169"
25,Narinkka,Narinken,Narinkka,Narinkka 1,Narinken 1,,,,40,"24,935","60,17"
26,Kamppi (M),Kampen (M),Kamppi (M),Fredrikinkatu 44,Fredriksgatan 44,,,,32,"24,931","60,169"
27,Eerikinkatu,Eriksgatan,Eerikinkatu,Eerikinkatu 3,Eriksgatan 3,,,,14,"24,937","60,168"
28,Lastenlehto,Barnlunden,Lastenlehto,Lapinrinne,Lappbrinken,,,,16,"24,927","60,166"
29,Baana,Banan,Baana,Ruoholahdenkatu 23,Gräsviksgatan 23,,,,16,"24,923","60,164"
30,Itämerentori,Östersjötorget,Itämerentori,Itämerentori 1,Östersjötorget 1,,,,40,"24,915","60,164"
31,Marian sairaala,Maria sjukhus,Maria Hospital,Pohjoinen Rautatiekatu 33,Norra Järnvägsgatan 33,,,,16,"24,923","60,168"
32,Eläinmuseo,Naturhistoriska museet,Finnish Museum of Natural History,Pohjoinen Rautatiekatu 13,Norra Järnvägsgatan 13,,,,20,"24,932","60,171"
33,Kauppakorkeakoulu,Handelshögskolan,Hanken School of Economics,Lapuankatu 1,Lappogatan 1,,,,16,"24,924","60,171"
34,Kansallismuseo,Nationalmuseum,National Museum,Mannerheimintie 30,Mannerheimvägen 30,,,,16,"24,933","60,174"
35,Cygnaeuksenkatu,Cygnaeusgatan,Cygnaeuksenkatu,Cygnaeuksenkatu 1,Cygnaeusgatan 1,,,,16,"24,928","60,174"
36,Apollonkatu,Apollogatan,Apollonkatu,Runeberginkatu 43,Runebergsgatan 43,,,,20,"24,922","60,176"
37,Töölönkatu,Tölögatan,Töölönkatu,Pohjoinen Hesperiankatu 3,Norra Hesperiagatan 3,,,,18,"24,928","60,178"
38,Töölöntori,Tölötorg,Töölöntori,Töölöntorinkatu 11,Tölötorggatan 11,,,,16,"24,925","60,179"
39,Ooppera,Nationaloperan,Opera,Mannerheimintie 62,Mannerheimvägen 62,,,,24,"24,927","60,183"
40,Hakaniemi (M),Hagnäs (M),Hakaniemi (M),John Stenberginranta 6,John Stenbergs strand 6,,,,28,"24,952","60,178"
41,Ympyrätalo,Runda huset,Ympyrätalo,Porthaninrinne 1,Porthansbrinken 1,,,,36,"24,949","60,181"
42,Haapaniemenkatu,Aspnäsgatan,Haapaniemenkatu,Haapaniemenkatu 2,Aspnäsgatan 2,,,,18,"24,955","60,183"
43,Karhupuisto,Björnparken,Karhupuisto,Agricolankatu 11,Agricolagatan 11,,,,24,"24,953","60,184"
44,Sörnäinen (M),Sörnäs (M),Sörnäinen (M),Vaasanpuistikko 1a,Vaasanpuistikko 1a,,,,22,"24,961","60,188"
45,Brahen kenttä,Braheplan,Brahen kenttä,Helsinginkatu 22,Helsingegatan 22,,,,20,"24,951","60,187"
46,Diakoniapuisto,Diakoniparken,Diakoniapuisto,Josafatinkatu 12,Josafatsgatan 12,,,,16,"24,944","60,187"
47,Vanha Kauppahalli,Salutorget,Market Square,Pakkahuoneenlaituri,Packhuskajen,,,,22,"24,954","60,165"
48,Mastokatu,Mastgatan,Mastokatu,Mastokatu 2,Mastgatan 2,,,,22,"24,967","60,165"
49,Annankatu,Annankatu,Annankatu,Annankatu 5,Annegatan 5,,,,16,"24,942","60,163"
50,Melkonkuja,Melkögränd,Melkonkuja,Melkonkuja 1,Melkögränd 1,,,,12,"24,886","60,15"
51,Itälahdenkatu,Österviksgatan,Itälahdenkatu,Itälahdenkatu 15,Österviksgatan 15,,,,12,"24,881","60,151"
52,Heikkilänaukio,Heikasplatsen,Heikkilänaukio,Heikkilänaukio 1,Heikasplatsen 1,,,,20,"24,879","60,154"
53,Heikkiläntie,Heikasvägen,Heikkiläntie,Heikkiläntie 7,Heikasvägen 7,,,,12,"24,885","60,157"
54,Gyldenintie,Gyldénsvägen,Gyldenintie,Gyldenintie 2,Gyldénsvägen 2,,,,36,"24,877","60,158"
55,Puistokaari,Parksvängen,Puistokaari,Isokaari 30,Storsvängen 30,,,,16,"24,862","60,158"
56,Luoteisväylä,Nordvästpassagen,Luoteisväylä,Luoteisväylä 17,Nordvästpassagen 17,,,,12,"24,86","60,165"
57,Lauttasaaren ostoskeskus,Drumsö köpcentrum,Lauttasaari Shopping Center,Lauttasaarentie 26,Drumsövägen 26,,,,26,"24,883","60,16"
58,Lauttasaarensilta,Drumsö bro,Lauttasaarensilta,Lauttasaarentie 5,Drumsövägen 5,,,,20,"24,89","60,161"
59,Salmisaarenranta,Sundholmsstranden,Salmisaarenranta,Salmisaarenranta 9,Sundholmstranden 9,,,,28,"24,901","60,165"
60,Kaapelitehdas,Kabelfabriken,Cable Factory,Tammasaarenlaituri 7,Märaholmskajen 7,,,,26,"24,903","60,161"
61,Länsisatamankatu,Västrahamnsgatan,Länsisatamankatu,Länsisatamankatu 19,Västrahamnsgatan 19,,,,16,"24,91","60,159"
62,Välimerenkatu,Medelhavsgatan,Välimerenkatu,Välimerenkatu 9,Medelhavsgatan 9,,,,16,"24,916","60,159"
63,Jätkäsaarenlaituri,Busholmskajen,Jätkäsaarenlaituri,Jätkäsaarenlaituri 1,Busholmskajen 1,,,,24,"24,921","60,162"
64,Tyynenmerenkatu,Stillahavsgatan,Tyynenmerenkatu,Rionkatu 6,Stillhavsgatan 9,,,,20,"24,92","60,157"
65,Hernesaarenranta,Ärtholmsstranden,Hernesaarenranta,Hylkeenpyytäjänkatu 1a,Säljägargatan 1a,,,,40,"24,931","60,154"
66,Ehrenströmintie,Ehrenströmsvägen,Ehrenströmintie,Ehrenströmintie 3,Ehrenströmsvägen 3,,,,20,"24,959","60,155"
67,Perämiehenkatu,Styrmansgatan,Perämiehenkatu,Punavuorenkatu 22,Rödbergsgatan 22,,,,16,"24,934","60,16"
68,Albertinkatu,Albertsgatan,Albertinkatu,Albertinkatu 17,Albertsgatan 17,,,,20,"24,937","60,162"
69,Kalevankatu,Kalevagatan,Kalevankatu,Lapinlahdenkatu 1,Lappviksgatan 1,,,,16,"24,931","60,166"
70,Sammonpuistikko,Samposkvären,Sammonpuistikko,Sammonkatu 3,Sampogatan 3,,,,14,"24,922","60,173"
71,Hietaniemenkatu,Sanduddsgatan,Hietaniemenkatu,Hiekkarannantie 9,Sandstrandsvägen 9,,,,24,"24,908","60,173"
72,Eteläinen Hesperiankatu,Södra Hesperiagatan,Eteläinen Hesperiankatu,Eteläinen Hesperiankatu 38,Södrä Hesperiagatan 38,,,,18,"24,916","60,176"
73,Kesäkatu,Sommargatan,Kesäkatu,Kesäkatu 8,Sommargatan 8,,,,14,"24,913","60,179"
74,Rajasaarentie,Råholmsvägen,Rajasaarentie,Rajasaarentie 6,Råholmsvägen,,,,16,"24,911","60,183"
75,Korjaamo,Korjaamo,Korjaamo,Töölönkatu 51a,Tölögatan 51a,,,,20,"24,92","60,184"
76,Olympiastadion,Olympiastadion,Olympic Stadium,Toivonkatu 3,Toivogatan 3,,,,20,"24,925","60,184"
77,Nordenskiöldinaukio,Nordenskiöldsplatsen,Nordenskiöldinaukio,Linnankoskenkatu 15-17,Linnankoskigatan 15-17,,,,16,"24,917","60,185"
78,Messeniuksenkatu,Messeniusgatan,Messeniuksenkatu,Messeniuksenkatu 1a,Messeniusgatan 1a,,,,20,"24,918","60,188"
79,Uimastadion,Simstadion,Swimming Stadium,Hammarskjöldintie 5,Hammarsköljdsvägen 5,,,,18,"24,929","60,189"
80,Jäähalli,Ishall,Ice hall,Nordenskiöldinkatu 11,Nordenskiöldsgatan 11,,,,22,"24,92","60,189"
81,Stenbäckinkatu,Stenbäcksgatan,Stenbäckinkatu,Stenbäckinkatu 9,Stenbäcksgatan 9,,,,18,"24,912","60,188"
82,Töölöntulli,Tölötull,Töölöntulli,Mannerheimintie 112,Mannerheimvägen 112,,,,16,"24,913","60,191"
83,Meilahden sairaala,Mejlans sjukhus,Meilahti Hospital,Haartmaninkatu 4,Haartmansgatan 4,,,,28,"24,908","60,19"
84,Paciuksenkatu,Paciusgatan,Paciuksenkatu,Mäntytie 2,Tallvägen 2,,,,14,"24,9","60,191"
85,Jalavatie,Almvägen,Jalavatie,Jalavatie 10,Almvägen 10,,,,16,"24,906","60,193"
86,Kuusitie,Granvägen,Kuusitie,Mannerheimintie 152,Mannerheimvägen 152,,,,24,"24,902","60,195"
87,Kustaankatu,Gustavsgatan,Kustaankatu,Kustaankatu 4b,Gustafsgatan 4b,,,,20,"24,956","60,188"
88,Kiskontie,Kiskovägen,Kiskontie,Mannerheimintie 99,Mannerheimvägen 99,,,,20,"24,901","60,199"
89,Tilkanvierto,Tilkkalänken,Tilkanvierto,Tilkankatu 41,Tilkgatan 41,,,,16,"24,899","60,198"
90,Paciuksenkaari,Paciussvängen,Paciuksenkaari,Johannesbergintie 6,Johannesbergsvägen 6,,,,20,"24,891","60,194"
91,Seurasaari,Fölisön,Seurasaari,Seurasaarentie 15,Fölisövägen 15,,,,22,"24,885","60,188"
92,Saunalahdentie,Bastuviksvägen,Saunalahdentie,Saunalahdentie 1,Bastuviksvägen 1,,,,8,"24,879","60,193"
93,Torpanranta,Torpanranta,Torpanranta,Laajalahdentie 1,Bredsvikvägen 1,,,,16,"24,871","60,195"
94,Laajalahden aukio,Bredviksplatsen,Laajalahden aukio,Munkkiniemen puistotie 21,Munksnäs allén 21,,,,20,"24,876","60,198"
95,Munkkiniemen aukio,Munksnäsplatsen,Munkkiniemen aukio,Munkkiniemen puistotie 1,Munksnäs allén 1,,,,18,"24,884","60,197"
96,Huopalahdentie,Hoplaksvägen,Huopalahdentie,Huopalahdentie 13,Hoplaksvägen 13,,,,20,"24,884","60,2"
98,Ulvilantie,Ulfsbyvägen,Ulvilantie,Porintie 1,Björneborgsvägen,,,,12,"24,871","60,204"
99,Muusantori,Musans torg,Muusantori,Muusantori 5,Musanstorg 5,,,,12,"24,856","60,207"
100,Teljäntie,Täljevägen,Teljäntie,Ulvilantie 21,Ulfsbyvägen 21,,,,12,"24,869","60,21"
101,Munkkivuoren ostoskeskus,Munkhöjdens köpcentrum,Munkkivuori Shopping Center,Huopalahdentie 20b,Hoplaksvägen 20b,,,,24,"24,88","60,206"
103,Vihdintie,Vichtisvägen,Vihdintie,Vihdintie 2,Vichtisvägen 2,,,,16,"24,89","60,209"
104,Kriikunakuja,Krikongränden,Kriikunakuja,Korppaanmäentie 26,Korpasbackavägen 26,,,,16,"24,892","60,206"
105,Tilkantori,Tilktorget,Tilkantori,Tilkantori 3,Tilktorget 3,,,,16,"24,893","60,203"
106,Korppaanmäentie,Korpasbackavägen,Korppaanmäentie,Mannerheimintie 170,Mannerheimvägen,,,,16,"24,899","60,203"
107,Tenholantie,Tenalavägen,Tenholantie,Kiskontie 22,Kiskovägen 22,,,,18,"24,905","60,202"
108,Radiokatu,Radiogatan,Radiokatu,Kuuluttajankatu 2,Hallåmansgatan 2,,,,12,"24,918","60,205"
109,Hertanmäenkatu,Hertabacksgatan,Hertanmäenkatu,Radiokuja 2,Radiogränden 2,,,,20,"24,922","60,203"
110,Maistraatintori,Magistratstorget,Maistraatintori,Pasilanraitio 10,Böletået 10,,,,20,"24,925","60,199"
111,Esterinportti,Estersporten,Esterinportti,Pasilanraitio 5,Böletået 5,,,,20,"24,927","60,198"
112,Rautatieläisenkatu,Järnvägsmannagatan,Rautatieläisenkatu,Ratapihantie 13,Bangårdsvägentie 13,,,,22,"24,933","60,201"
113,Pasilan asema,Böle station,Pasila railway station,Pasilan asema-aukio,Böle station,,,,40,"24,933","60,198"
114,Ratapihantie,Bangårdsvägen,Ratapihantie,Ratapihantie 1,Bangårdsvägentie 1,,,,20,"24,937","60,196"
115,Venttiilikuja,Ventilgränden,Venttiilikuja,Venttiilikuja 1 & 2,Ventilgränden 1 & 2,,,,16,"24,942","60,194"
116,Linnanmäki,Borgbacken,Linnanmäki Amusement Park,Viipurinkatu 20,Viborgsgatan 20,,,,32,"24,94","60,191"
117,Brahen puistikko,Braheskvären,Brahen puistikko,Sturenkatu 12,Sturegatan 12,,,,12,"24,948","60,19"
118,Fleminginkatu,Flemingsgatan,Fleminginkatu,Aleksis Kiven katu 30,Aleksis Kivis gata 30,,,,22,"24,952","60,19"
119,Gebhardinaukio,Gebhardsplatsen,Gebhardinaukio,Teollisuuskatu 3,Industrigatan 3,,,,20,"24,955","60,191"
120,Mäkelänkatu,Backasgatan,Mäkelänkatu,Mäkelänkatu 2,Backasgatan 2,,,,28,"24,963","60,19"
121,Vilhonvuorenkatu,Vilhelmsbergsgatan,Vilhonvuorenkatu,Vilhonvuorenkatu 12,Vilhelmsbergsgatan 12,,,,16,"24,968","60,186"
122,Lintulahdenkatu,Fågelviksgatan,Lintulahdenkatu,Lintulahdenkuja 6,Fågelviksgränden 6,,,,24,"24,962","60,184"
123,Näkinsilta,Näckens bro,Näkinsilta,Sörnäisten rantatie 9,Sörnas strandväg 9,,,,24,"24,955","60,18"
124,Isoisänsilta,Farfarsbron,Isoisänsilta,Capellan puistotie 2,Capellas allé 2,,,,18,"24,982","60,183"
125,Arielinkatu,Arielgatan,Arielinkatu,Englantilaisaukio,Englandsskvären,,,,16,"24,98","60,186"
126,Kalasatama (M),Fiskehamnen (M),Kalasatama (M),Hermannin rantatie 2b,Hermanstads strandväg 2b,,,,24,"24,977","60,188"
127,Teurastamo,Teurastamo,Teurastamo,Työpajankatu 2a,Verkstadsgatan 2a,,,,30,"24,971","60,19"
128,Päijänteentie,Päijännevägen,Päijänteentie,Päijänteentie 1,Päijännevägen 1,,,,14,"24,964","60,192"
129,Pernajantie,Pernåvägen,Pernajantie,Mäkelänkatu 25,Backasgatan 25,,,,20,"24,958","60,194"
130,Teollisuuskatu,Industrigatan,Teollisuuskatu,Teollisuuskatu 16,Industrigatan 16,,,,24,"24,949","60,193"
131,Elimäenkatu,Elimägatan,Elimäenkatu,Elimäenkatu 24,Elimägatan 24,,,,24,"24,948","60,196"
132,Hollolantie,Hollolavägen,Hollolantie,Hollolantie 2,Hollolavägen 2,,,,12,"24,955","60,196"
133,Paavalinpuisto,Paulusparken,Paavalinpuisto,Hämeentie 96,Tavastvägen 96,,,,22,"24,961","60,197"
134,Haukilahdenkatu,Gäddviksgatan,Haukilahdenkatu,Haukilahdenkatu 6,Gäddviksgatan 6,,,,26,"24,968","60,199"
135,Velodrominrinne,Velodromsbrinken,Velodrominrinne,Mäkelänkatu 70,Backasgatan 70,,,,12,"24,944","60,201"
136,Sofianlehdonkatu,Sofielundsgatan,Sofianlehdonkatu,Isonniitynkatu 7,Storsvängen 7,,,,12,"24,951","60,203"
137,Arabian kauppakeskus,Arabia köpcentrum,Arabia Shopping Center,Hämeentie 111,Tavastvägen 111,,,,30,"24,967","60,203"
138,Arabiankatu,Arabiagatan,Arabiankatu,Arabiankatu 7,Arabiagatan 7,,,,22,"24,977","60,206"
139,Muotoilijankatu,Kairogatan,Kaironkatu,Arabiankatu 21,Tavastvägen 150,,,,16,"24,98","60,21"
140,Verkatehtaanpuisto,Klädesfabriksparken,Verkatehtaanpuisto,Hämeentie 159,Tavastvägen 159,,,,14,"24,98","60,214"
141,Intiankatu,Indiagatan,Intiankatu,Intiankatu 20,Indiagatan 20,,,,16,"24,968","60,208"
142,Koskelantie,Forsbyvägen,Koskelantie,Sofianlehdonkatu 13,Sofielundsgatan 13,,,,14,"24,947","60,208"
143,Kuikkarinne,Kuikkarinne,Kuikkarinne,Isokaari 10,Storsvängen 10,,,,12,"24,869","60,157"
144,Käpyläntie,Kottbyvägen,Käpyläntie,Käpyläntie 1,Kottbyvägen 1,,,,14,"24,959","60,214"
145,Pohjolankatu,Pohjolagatan,Pohjolankatu,Pohjolankatu 1,Pohjolagatan 1,,,,12,"24,944","60,213"
146,Pohjolanaukio,Pohjolaplatsen,Pohjolanaukio,Pohjolankatu 40,Pohjolagatan 40,,,,16,"24,954","60,217"
147,Käpylän asema,Kottby station,Käpylä station,Panuntie 4,Panuvägen 4,,,,14,"24,948","60,221"
148,Juhana Herttuan tie,Hertig Johans väg,Juhana Herttuan tie,Antti Korpin tie 3a,Anders Korps väg 3a,,,,16,"24,966","60,219"
149,Toinen linja,Andra linjen,Toinen linja,Toinen linja 25,Andra linjen 25,,,,22,"24,945","60,183"
150,Töölönlahden puisto,Tölöviksparken,Töölönlahden puisto,Karamzininranta 4,Karamzins strand 4,,,,24,"24,935","60,175"
161,Eteläesplanadi,Södra Esplanaden,Eteläesplanadi,Eteläesplanadi 14,Södrä Esplanaden 14,,,,34,"24,947","60,167"
162,Leppäsuonaukio,Alkärrsplatsen,Leppäsuonaukio,Leppäsuonaukio 1,Alkärrsplatsen 1,,,,28,"24,927","60,17"
163,Lehtisaarentie,Lövövägen,Lehtisaarentie,Liljasaarentie 1a,Liljeholmsvägen 1a,,,,12,"24,851","60,182"
200,Länsiterminaali,Västra terminalen,West Terminal,Sammonlaituri,Sampokajen,,,,24,"24,915","60,15"
201,Länsisatamankuja,Västrahamnsgränden,Länsisatamankuja,Länsisatamankatu 26,Västrahamnsgatan 26,,,,14,"24,912","60,157"
202,Merihaka,Havshagen,Merihaka,Hakaniemenranta 10,Hagnäskajen 10,,,,16,"24,959","60,178"
203,Opastinsilta,Semaforbron,Opastinsilta,Opastinsilta 10,Semaforbron 10,,,,40,"24,938","60,199"
204,A.I. Virtasen aukio,A. I. Virtanens plats,A.I. Virtasen aukio,Gustaf Hällströmin katu 1,Gustaf Hällströms gata 1,,,,24,"24,962","60,206"
205,Ilmalan asema,Ilmala station,Ilmala Station,Ilmalantori 1,Ilmalatorget 1,,,,16,"24,922","60,207"
206,Ruskeasuon varikko,Brunakärrs depå,Ruskeasuo depot,Mannerheimintie 117,Mannerheimvägen 117,,,,14,"24,899","60,208"
207,Vanha Viertotie,Gamla chaussén,Vanha Viertotie,Vanha Viertotie 23,Gamla chaussén 23,,,,16,"24,882","60,211"
208,Valimotie,Gjuterivägen,Valimotie,Valimotie 1,Gjuterivägen 1,,,,24,"24,877","60,216"
209,Takomotie,Smedjevägen,Takomotie,Takomotie 29,Smedjevägen 29,,,,14,"24,871","60,218"
210,Pajamäki,Smedjebacka,Pajamäki,Pajamäentie 12,Smedjebackavägen 12,,,,12,"24,856","60,219"
211,Haagan tori,Haga torg,Haagan tori,Haagan tori 1,Haga torg 1,,,,16,"24,899","60,212"
212,Tunnelitie,Tunnelvägen,Tunnelitie,Tunnelitie 3,Tunnelvägen 3,,,,14,"24,9","60,217"
213,Huopalahden asema,Hoplaks station,Huopalahti Station,Huopalahden aseman itäinen raittisilta,Hoplaks stations östra järnvägsbro,,,,20,"24,895","60,218"
214,Valimon asema,Gjuteriets station,Valimo Station,Valimopolku 3,Gjuteristigen 3,,,,20,"24,876","60,222"
215,Pitäjänmäen asema,Sockenbacka station,Pitäjänmäki Station,Pitäjänmäentie 21,Sockenbackavägen 21,,,,16,"24,859","60,224"
216,Jännetie,Bågsträngsvägen,Jännetie,Konalantie 6,Kånalavägen 6,,,,12,"24,854","60,227"
217,Marttila,Martas,Marttila,Vihdintie 302,Vichtisvägen 302,,,,16,"24,873","60,227"
218,Pohjois-Haagan asema,Norra Haga station,Pohjois-Haaga Station,Pennikuja 2,Penninggränden 2,,,,16,"24,883","60,23"
219,Näyttelijäntie,Skådespelarvägen,Näyttelijäntie,Kaupintie 3,Krämärvägen 3,,,,16,"24,888","60,233"
220,Ida Aalbergin tie,Ida Aalbergs väg,Ida Aalbergin tie,Näyttelijäntie 14,Skådespelarvägen 14,,,,18,"24,895","60,23"
221,Thalianaukio,Thaliaplatsen,Thalianaukio,Aino Ackten tie 1,Aino Acktés väg 1,,,,14,"24,895","60,225"
222,Huovitie,Knektvägen,Huovitie,Huovitie 10,Knektvägen 10,,,,12,"24,903","60,222"
223,Hämeenlinnanväylä,Tavastehusleden,Hämeenlinnanväylä,Teuvo Pakkalan tie 2,Eliel Saarinens väg 2,,,,14,"24,903","60,227"
224,Vesakkotie,Snårvägen,Vesakkotie,Männikkötie 11,Talldungevägen 11,,,,12,"24,927","60,228"
225,Maunula,Månsas,Maunula,Maunulanmäki 2,Månsasbacken 2,,,,16,"24,933","60,23"
226,Lepolantie,Lepolavägen,Lepolantie,Lepolantie 61,Lepolavägen 61,,,,14,"24,929","60,239"
227,Kylävoudintie,Byfogdevägen,Kylävoudintie,Kylävoudintie 6,Byfogdevägen 6,,,,14,"24,953","60,224"
228,Kustaankartano,Gustafsgård,Kustaankartano,Maapadontie 3,Jorddammsvägen 3,,,,20,"24,949","60,231"
229,Käskynhaltijantie,Ståthållarvägen,Käskynhaltijantie,Hirsipadontie 2,Timmerdammsvägen 2,,,,18,"24,958","60,233"
230,Mäkitorpantie,Kullatorpsvägen,Mäkitorpantie,Kylänvanhimmantie 29,Byäldstevägen 29,,,,18,"24,96","60,229"
231,Siltavoudintie,Brofogdegränd,Siltavoudintie,Käskynhaltijantie 22,Ståthållarvägen 22,,,,16,"24,965","60,234"
232,Oulunkylän asema,Åggelby station,Oulunkylä Station,Oulunkyläntori 2,Åggelbytorget 2,,,,14,"24,967","60,229"
233,Kirkkoherrantie,Kyrkoherdevägen,Kirkkoherrantie,Kirkkoherrantie 5,Kyrkoherdevägen 5,,,,10,"24,973","60,225"
234,Otto Brandtin tie,Otto Brandts väg,Otto Brandtin tie,Tulvaniityntie 2,Flödängsvägen 2,,,,20,"24,978","60,232"
235,Katariina Saksilaisen katu,Katarina av Sachsens gata,Katariina Saksilaisen katu,Katariina Saksilaisen katu 6,Katarina av Sachsens gata 6,,,,16,"24,984","60,217"
236,Hernepellontie,Ärtåkersvägen,Hernepellontie,Harjannetie 44,Krönvägen 44,,,,14,"24,989","60,224"
237,Aulangontie,Aulankovägen,Aulangontie,Harjannetie 2,Krönvägen 2,,,,16,"24,999","60,23"
238,Pihlajamäki,Rönnbacka,Pihlajamäki,Meripihkatie 3,Bärnstensvägen 3,,,,16,"25,01","60,235"
239,Viikin tiedepuisto,Viks forskarpark,Viikki Science Park,Viikintori,Vikstorget,,,,28,"25,01","60,228"
240,Viikin normaalikoulu,Normalskolan i Vik,Viikki Teacher Training School,Kevättori,Vårtorget,,,,20,"25,028","60,227"
241,Agronominkatu,Agronomgatan,Agronominkatu,Latokartanontori,Ladugårdstorget,,,,24,"25,033","60,234"
242,Von Daehnin katu,Von Daehns gata,Von Daehnin katu,Von Daehnin katu 14,Von Daehns gata 14,,,,14,"25,044","60,23"
243,Mustikkamaa,Blåbärslandet,Mustikkamaa,Mustikkamaantie 8,Blåbärslandsvägen 8,,,,20,"24,992","60,182"
244,Relanderinaukio,Relandersplatsen,Relanderinaukio,Ståhlbergintie 6,Ståhlbergsvägen 6,,,,16,"25,006","60,186"
245,Kulosaari (M),Brändö (M),Kulosaari (M),Ukko-Pekan porras,Ukko-Pekkas trappstig,,,,20,"25,006","60,189"
246,Tupasaarentie,Stugövägen,Tupasaarentie,Risto Rytin tie 30,Risto Rytis väg 30,,,,12,"25,015","60,188"
247,Haakoninlahdenkatu,Håkanviksgatan,Haakoninlahdenkatu,Koirasaarentie 33,Hundholmsvägen 33,,,,16,"25,021","60,169"
248,Gunillantie,Gunillavägen,Gunillantie,Koirasaarentie 32,Hundholmsvägen 32,,,,16,"25,033","60,172"
249,Isosaarentie,Mjölövägen,Isosaarentie,Köökarinkuja 3,Kökargränden 3,,,,14,"25,045","60,176"
250,Reiherintie,Reihersvägen,Reiherintie,Laajasalontie 13,Degerövägen 13,,,,12,"25,047","60,168"
251,Laajasalon ostoskeskus,Degerö köpcentrum,Laajasalo shopping center,Yliskylän puistokatu 4,Uppby parkgata 4,,,,16,"25,052","60,18"
252,Humalniementie,Humleuddsvägen,Humalniementie,Ryytikuja 2,Kryddgränden 2,,,,14,"25,053","60,184"
253,Tammisalon aukio,Tammelundsplatsen,Tammisalon aukio,Väylänrinne 1,Båtledsbrinken 1,,,,20,"25,061","60,192"
254,Agnetankuja,Agnetagränden,Agnetankuja,Laivalahdenkaari 24,Båtviksbågen 24,,,,16,"25,037","60,187"
255,Laivalahden puistotie,Båtsviksallén,Laivalahden puistotie,Laivalahden puistotie 10,Båtsvikallén 10,,,,16,"25,031","60,188"
256,Herttoniemenranta,Hertonäs strand,Herttoniemenranta,Paasivaarankatu 1,Paasivaaragatan 1,,,,14,"25,026","60,19"
257,Margareetankuja,Margaretagränden,Margareetankuja,Margareetankuja 4,Margaretagränden 4,,,,14,"25,037","60,191"
258,Abraham Wetterin tie,Abraham Wetters väg,Abraham Wetterin tie,Sorvaajankatu 1,Svarvaregatan 1,,,,16,"25,043","60,193"
259,Petter Wetterin tie,Petter Wetters väg,Petter Wetterin tie,Hitsaajankatu 16,Svetsargatan 16,,,,20,"25,031","60,193"
260,Herttoniemi (M),Hertonäs (M),Herttoniemi (M),Hiihtäjäntie 2,Skidlöparvägen 2,,,,24,"25,029","60,195"
261,Asentajanpuisto,Montörsparken,Asentajanpuisto,Asentajankatu 8,Montörsgatan 8,,,,16,"25,042","60,199"
262,Siilitie (M),Igelkottsvägen (M),Siilitie (M),Siilitie 2,Igelkottsvägen 2,,,,22,"25,045","60,206"
263,Herttoniemen kirkko,Hertonäs kyrka,Herttoniemi Church,Karhutie 11,Björnvägen 11,,,,16,"25,032","60,198"
264,Eränkävijäntori,Jägartorget,Eränkävijäntori,Hiihtomäentie 39,Skidbacksvägen 39,,,,16,"25,034","60,205"
265,Siilitie 9,Igelkottsvägen 9,Siilitie 9,Siilitie 12,Igelkottsvägen 12,,,,16,"25,038","60,209"
266,Siilitie 13,Igelkottsvägen 13,Siilitie 13,Sopulirinne 2,Lemmelbrinken 2,,,,14,"25,044","60,215"
267,Roihupelto,Kasåkern,Roihupelto,Viilarintie 6,Filarvägen 6,,,,16,"25,055","60,209"
268,Porolahden koulu,Porovikens skola,Porolahti school,Roihuvuorentie 6b,Kasbergsvägen 6b,,,,14,"25,054","60,196"
269,Peukaloisentie,Tummelitens väg,Peukaloisentie,Untuvaisentie 2,Dunungens väg 2,,,,12,"25,059","60,199"
270,Tulisuontie,Kaskärrsvägen,Tulisuontie,Roihuvuorentie 25,Kasbergsvägen 25,,,,16,"25,06","60,202"
271,Prinsessantie,Prinsessvägen,Prinsessantie,Prinsessantie 2,Prinsessvägen 2,,,,16,"25,06","60,206"
272,Marjaniementie,Maruddsvägen,Marjaniementie,Rakettipolku 5,Raketstigen 5,,,,16,"25,076","60,204"
274,Voikukantie,Smörblommevägen,Voikukantie,Kauppakartanonkatu 10,Handelshusgatan 10,,,,16,"25,087","60,209"
275,Itäkeskus (M),Östra centrum (M),Itäkeskus (M),Tallinnanaukio 2,Revalsplanen 2,,,,28,"25,076","60,21"
276,Puotinharju,Botbyhöjden,Puotinharju,Turunlinnantie 4,Åbohusvägen 4,,,,24,"25,082","60,213"
277,Marjaniemi,Marudd,Marjaniemi,Marjaniementie 23,Maruddsvägen 23,,,,14,"25,086","60,204"
278,Puotilantie,Botbygårdsvägen,Puotilantie,Puotilantie 4,Botbygårdsvägen 4,,,,14,"25,1","60,209"
279,Puotinkylän kartano,Botby gård,Puotinkylä Manor,Puotilantie 12,Botbygårdsvägen 12,,,,16,"25,106","60,213"
280,Puotilan ostoskeskus,Botby köpcentrum,Puotila shopping center,Klaavuntie 11,Klåvusvägen 11,,,,14,"25,096","60,213"
281,Puotila (M),Botby gård (M),Puotila (M),Vanhanlinnantori,Vanhalinnatorget,,,,20,"25,091","60,215"
282,Karhulantie,Karhulavägen,Karhulantie,Kiviportintie 2,Stenportsvägen 2,,,,12,"25,102","60,219"
283,Alakiventie,Understensvägen,Alakiventie,Alakiventie 4,Understensvägen 4,,,,14,"25,077","60,22"
284,Myllypuro (M),Kvarnbäcken (M),Myllypuro (M),Kivensilmänkuja 1,Kvarnögsgränden 1,,,,28,"25,075","60,224"
285,Orpaanporras,Lättan,Orpaanporras,Orpaanporras 14,Lättan 14,,,,14,"25,065","60,224"
286,Mamsellimyllynkatu,Mamsellskvarnsgatan,Mamsellimyllynkatu,Mamsellimyllynkatu 26,Mamsellkvarnsgatan 26,,,,16,"25,059","60,218"
290,Vallilan varikko,Vallgårds depå,Vallilan varikko,Hämeentie 86,Tavastvägen 86,,,,20,"24,963","60,195"
291,Itäkeskus Metrovarikko,Östrä Centrum depå,Itäkeskus Metrovarikko,Metrovarikonkuja 6,Metrodepågränden 6,,,,16,"25,066","60,211"
292,Koskelan varikko,Forsby depå,Koskelan varikko,Valtimontie 10,Valtimovägen 10,,,,16,"24,97","60,213"
293,Korkeasaari,Högholmen,Korkeasaari,Mustikkamaanpolku 12,Blåbärslandsstigen 12,,,,16,"24,983","60,18"
294,Postipuisto,Postipuisto,Postipuisto,Niittylänpolku 16,Ängsskogsstigen 16,,,,18,"24,934","60,22"
301,Aurinkotuulenkatu,Solvindsgatan,Aurinkotuulenkatu,Solvikinkatu 21,Solviksgatan 21,,,,30,"25,159","60,203"
302,Sumukuja,Dimgränden,Sumukuja,Sumukuja 2,Dimgränden 2,,,,18,"25,158","60,205"
303,Leikosaarentie,Lekholmsvägen,Leikosaarentie,Leikosaarentie 25,Lekholmsvägen 25,,,,16,"25,152","60,205"
304,Aurinkolahdenaukio,Solviksplatsen,Aurinkolahdenaukio,Aurinkoranta 8,Solstranden 8,,,,24,"25,15","60,201"
305,Kalkkihiekantie,Kalksandsvägen,Kalkkihiekantie,Kalkkihiekantie 1,Kalksandsvägen 1,,,,16,"25,143","60,202"
306,Kauppakeskus Columbus,Köpcentrum Columbus,Shopping Center Columbus,Valkopaadentie 1,Vithällsvägen 1,,,,20,"25,146","60,206"
315,Vuosaaren liikuntapuisto,Nordsjö idrottspark,Vuosaaren liikuntapuisto,Pallokuja 4,Bollgränden 4,,,,18,"25,153","60,212"
308,Mosaiikkitori,Mosaiktorget,Mosaiikkitori,Mosaiikkitori 1,Mosaiktorget 1,,,,24,"25,144","60,208"
309,Kaivonkatsojanpuisto,Brunnsökarparken,Kaivonkatsojanpuisto,Kaivonkatsojantie 5,Brunnsökarvägen 5,,,,18,"25,136","60,204"
310,Halkaisijantie,Klyvarvägen,Halkaisijantie,Halkaisijantie 4,Klyvarvägen 4,,,,18,"25,128","60,202"
311,Ramsinniementie,Ramsöuddsvägen,Ramsinniementie,Ramsinniementie 1,Ramsöuddsvägen 1,,,,18,"25,12","60,2"
312,Meri-Rastilan tori,Havsrastböletorget,Meri-Rastilan tori,Meri-Rastilan kuja 2,Havsrastbölegränden 2,,,,16,"25,119","60,204"
313,Rastila (M),Rastnöle (M),Rastila (M),Karavaanisilta 3,Karavanbron 3,,,,16,"25,12","60,206"
314,Lokitie,Loggvägen,Lokitie,Vuosaarentie 1,Nordsjövägen 1,,,,18,"25,137","60,21"
316,Punakiventie,Rödstensvägen,Punakiventie,Punakiventie 12,Rödstensvägen 12,,,,16,"25,147","60,214"
317,Haapasaarentie,Aspholmsvägen,Haapasaarentie,Marielundinaukio 1,Marielundsplatsen 1,,,,18,"25,147","60,219"
318,Vuosaaren puistopolku,Nordsjö parkstig,Vuosaaren puistopolku,Mustalahdenpolku 2,Svartviksstigen 2,,,,14,"25,141","60,221"
319,Purjetie,Segelvägen,Purjetie,Kallvikintie,Kallviksvägen,,,,18,"25,134","60,22"
320,Koukkusaarentie,Krokholmsvägen,Koukkusaarentie,Kallvikintie,Kallviksvägen,,,,16,"25,134","60,214"
321,Vartioharjuntie,Botåsvägen,Vartioharjuntie,Vartioharjuntie 13,Botåsvägen 13,,,,14,"25,111","60,221"
322,Rukatunturintie,Rukatunturivägen,Rukatunturintie,Mellunmäentie 27,Mellungsbackavägen 27,,,,14,"25,128","60,231"
323,Sallatunturintie,Sallatunturivägen,Sallatunturintie,Sallatunturintie 2,Sallatunturivägen 2,,,,16,"25,118","60,237"
325,Mellunmäki (M),Mellungsbacka (M),Mellunmäki (M),Pallaksentie 3,Pallasvägen 3,,,,20,"25,11","60,239"
324,Sinkilätie,Märlvägen,Sinkilätie,Untamalantie 2,Untamalavägen 2,,,,16,"25,111","60,233"
327,Humikkalankuja,Humikkalagränd,Humikkalankuja,Rintinpolku 2,Grindstigen 2,,,,16,"25,09","60,23"
328,Lallukankuja,Lallukkagränden,Lallukankuja,Lallukankuja 1,Lallukkagränden 1,,,,12,"25,083","60,224"
329,Kurkimäki,Tranbacka,Kurkimäki,Kurkimäentie 3,Tranbackavägen 3,,,,16,"25,072","60,228"
330,Kontula (M),Gårdsbacka (M),Kontula (M),Kontulankaari 1,Gårdsbackabågen 1,,,,20,"25,083","60,236"
326,Tuukkalantie,Tuukkalavägen,Tuukkalantie,Aarteenetsijäntie 10,Skattsökarvägen 10,,,,16,"25,101","60,239"
331,Lettopolku,Gungflystigen,Lettopolku,Lettopolku 2,Gungflystigen 2,,,,16,"25,086","60,241"
332,Kontulankaari,Gårdsbackabågen,Kontulankaari,Kontulankaari 7,Gårdsbackabågen 7,,,,16,"25,076","60,244"
333,Kivikonkaari,Stensbölebågen,Kivikonkaari,"Kontulankaari 8, toinen puoli","Gårdsbackabågen 8, andra sidan",,,,14,"25,075","60,24"
334,Varustuksentie,Rustningsvägen,Varustuksentie,Varustuksentie 1,Rustningsvägen 1,,,,14,"25,067","60,239"
335,Kurkimäentie,Tranbackavägen,Kurkimäentie,Kivikonkaari 30,Stensbölebågen 30,,,,16,"25,063","60,233"
336,Kivikonlaita,Stensbölekanten,Kivikonlaita,Kivikonlaita 2,Stensbölekanten 2,,,,16,"25,055","60,23"
337,Kivikon liikuntapuisto,Stensböle idrottspark,Kivikko sports park,Savikiekontie 6,Lerduvevägen 6,,,,16,"25,052","60,237"
338,Jakomäentie,Jakobackavägen,Jakomäentie,Jakomäentie 18,Jakobackavägen 18,,,,16,"25,074","60,254"
340,Jakomäki,Jakobacka,Jakomäki,Jakomäenkuja 2,Jakobackagränden 2,,,,16,"25,076","60,261"
339,Alppikylä,Alpbyn,Alppikylä,Tattariharjuntie 51,Tattaråsvägen 51,,,,14,"25,065","60,259"
341,Heikinlaakso,Henriksdal,Heikinlaakso,Vanha Porvoontie 32,Gamla Borgåvägen 32,,,,16,"25,073","60,27"
342,Puistolan VPK,Parkstads FBK,Puistolan VPK,Puistolan raitti 5,Parkstads bygata 5,,,,18,"25,058","60,27"
343,Puistolantori,Parkstads torg,Puistolantori,Puistolantori 1,Parkstads torg 1,,,,12,"25,046","60,274"
344,Puistolan asema,Parkstad järnvägsstation,Puistolan asema,Tapulikaupungintie 1,Stapelstadsvägen 1,,,,16,"25,034","60,275"
346,Maatullinkuja,Landtullsgränden,Maatullinkuja,Maatullinkuja 17,Landtullsgränden 17,,,,18,"25,025","60,276"
347,Sateenkaarentie,Regnbågsvägen,Sateenkaarentie,Suutarilantie 60,Skomakarbölevägen 60,,,,18,"25,011","60,281"
348,Siltamäki,Brobacka,Siltamäki,Jousimiehentie 3,Skyttens väg 3,,,,12,"24,989","60,274"
349,Töyrynummentie,Lidmalmsvägen,Töyrynummentie,Töyrynummentie 2,Lidmalmsvägen 2,,,,16,"25,004","60,272"
350,Töyrynummi,Lidamalmen,Töyrynummi,Pertunpellontie 4,Bertåkersvägen 4,,,,14,"24,993","60,267"
351,Kotinummentie,Hemmalmsvägen,Kotinummentie,Kotinummentie 68,Hemmalmsvägen 68,,,,16,"25,014","60,268"
345,Porvarintie,Borgarvägen,Porvarintie,Porvarintie 8-10,Borgarvägen 8-10,,,,16,"25,033","60,272"
353,Helluntairaitti,Pingststråket,Helluntairaitti,Tasankotie 14,Slättvägen 14,,,,20,"25,037","60,263"
352,Tapanilan asema,Mosabacka järnvägsstation,Tapanila railway station,Sompiontori 1,Sompiotorget 1,,,,12,"25,028","60,263"
354,Saniaiskuja,Ormbunksgränden,Saniaiskuja,Saniaiskuja 1,Ormbunksgränden 1,,,,16,"25,029","60,259"
355,Halmetie,Brännvägen,Halmetie,Vanha Tapaninlantie 70,Gamla Staffansbyvägen 70,,,,16,"25,018","60,261"
356,Laulurastaantie,Trastvägen,Laulurastaantie,Laulurastaantie 25,Trastvägen 25,,,,14,"25,003","60,261"
357,Vanha Tapanilantie,Gamla Staffansbyvägen,Vanha Tapanilantie,Kirkonkyläntie 79,Kyrkobyvägen 79,,,,16,"24,99","60,26"
358,Syystie,Höstvägen,Syystie,Kirkonkyläntie 34,Kyrkobyvägen 34,,,,18,"24,999","60,257"
359,Malmin sairaala,Malms sjukhus,Malmi Hospital,Kirkonkyläntie 23,Kyrkobyvägen 23,,,,16,"25,003","60,254"
360,Malmin asema,Malm järnvägsstation,Malmi railway station,Ylä-Malmin tori 3,Övre Malms torg 3,,,,24,"25,009","60,252"
361,Huhtakuja,Fallåkersgränden,Huhtakuja,Kotinummentie 5,Hemmalmsvägen 5,,,,16,"25,013","60,258"
362,Teerisuontie,Orrmossevägen,Teerisuontie,Teerisuontie 27,Orrmossevägen 27,,,,14,"25,021","60,253"
364,Ala-Malmin tori,Nedre Malms torg,Ala-Malmin tori,Pikkalankatu 5,Pickalagatan 5,,,,20,"25,013","60,25"
363,Väärämäentie,Vindobackavägen,Väärämäentie,Väärämäentie 2-4,Vindobackavägen 2-4,,,,12,"25,03","60,243"
365,Karviaistie,Stickelvägen,Karviaistie,Karviaistie 3,Stickelvägen 3,,,,16,"25,008","60,247"
366,Tilketori,Drevtorget,Tilketori,Tilketori 1,Drevtorget 1,,,,20,"25,004","60,25"
367,Karhusuontie,Björnkärrsvägen,Karhusuontie,Karhusuontie 27,Björnkärrsvägen 27,,,,14,"24,987","60,252"
372,Jokipellontie,Åfältsvägen,Jokipellontie,Jokipellontie 10,Åfältsvägen 10,,,,16,"24,983","60,245"
368,Pukinmäen liikuntapuisto,Bocksbacka idrottspark,Pukinmäki sports park,Kenttätie 10,Fältvägen 10,,,,14,"24,992","60,248"
369,Pukinmäen asema,Bocksbacka järnvägsstation,Pukinmäki railway station,Pukinmäenaukio 4,Bocksbackaplanen 4,,,,16,"24,994","60,243"
370,Rapakiventie,Örstensvägen,Rapakiventie,Lucina Hagmanin kuja 1,Lucina Hagmans gränd 1,,,,16,"25,001","60,239"
391,Tollinpolku,Tollsstigen,Tollinpolku,Luutnantinpolku 7a,Juustensvägen 4,,,,12,"24,868","60,246"
373,Mikkolantie,Mickelsvägen,Mikkolantie,Mikkolantie 12,Mickelsvägen 12,,,,16,"24,972","60,236"
374,Etupellonpuisto,Framåkersparken,Etupellonpuisto,Yhdyskunnantie 22,Samhällsvägen 22,,,,18,"24,959","60,242"
375,Piikintie,Piksvägen,Piikintie,Yhdyskunnantie 54,Samhällsvägen 54,,,,12,"24,958","60,249"
376,Torpparinmäentie,Torparbacksvägen,Torpparinmäentie,Kuusmiehenkaari 5,Sexmansbågen 5,,,,14,"24,945","60,257"
379,Paloheinän kirjasto,Svedängens bibliotek,Paloheinän kirjasto,Paloheinäntie 22,Svedängsvägen 22,,,,18,"24,942","60,25"
377,Paloheinän maja,Svedängens stuga,Paloheinän maja,Pakilantie 124,Baggbölevägen 124,,,,20,"24,918","60,255"
378,Paloheinäntie,Svedängsvägen,Paloheinäntie,Pakilantie 91,Baggbölevägen 91,,,,16,"24,924","60,247"
380,Pirkkolan liikuntapuisto,Britas idrottspark,Pirkkolan liikuntapuisto,Pirkkolan metsätie 6,Britas skogsväg 6,,,,14,"24,91","60,233"
381,Maununneva,Magnuskärr,Maununneva,Kaarelantie 14,Kårbölevägen 14,,,,14,"24,899","60,244"
307,Ulappasilta,Fjärdbron,Ulappasilta,Ulappasilta 1,Fjärdbron 1,,,,18,"25,141","60,207"
382,Hakuninmaa,Håkansåker,Hakuninmaa,Perhekunnantie 8,Husfolksvägen 8,,,,16,"24,897","60,253"
383,Kuninkaantammi,Kungseken,Kuninkaantammi,Kuninkaantammenkierto 22,Kungseksringen 22,,,,20,"24,893","60,259"
384,Kalannintie,Kalantivägen,Kalannintie,Kalanninpolku,Kalantistigen,,,,14,"24,884","60,253"
386,Kannelmäen liikuntapuisto,Gamlas idrottspark,Kannelmäen liikuntapuisto,Kanneltie 12,Kantelevägen 12,,,,16,"24,879","60,244"
385,Pajupillintie,Videlåtsvägen,Pajupillintie,Vanhaistentie 3,Gamlasvägen 3,,,,16,"24,886","60,243"
387,Kauppakeskus Kaari,Köpcentrum Kaari,Shopping Center Kaari,Kantelettarentie 1,Kanteletarvägen 1,,,,16,"24,889","60,236"
388,Kaustisentie,Kaustbyvägen,Kaustisentie,Pelimannintie,Spelmansvägen,,,,16,"24,881","60,238"
389,Kannelmäen asema,Gamlas järnvägsstation,Kannelmäki railway station,Sitratori 2,Cittertorg 2,,,,20,"24,877","60,239"
371,Savela,Lerstrand,Savela,Ratavallintie 6,Banvallsvägen 6,,,,14,"24,991","60,24"
390,Trumpettikuja,Trumpetgränden,Trumpettikuja,Trumpettitie 3,Trumpetvägen 3,,,,16,"24,869","60,239"
392,Viljelijäntie,Odlarvägen,Viljelijäntie,Viljelijäntie 5,Odlarvägen 5,,,,16,"24,857","60,243"
393,Malminkartanon asema,Malmgård järnvägsstation,Malminkartano railway station,Luutnantinaukio,Löjtnantsplatsen,,,,20,"24,863","60,248"
394,Tuohipolku,Näverstigen,Tuohipolku,Tuohipolku 1,Näverstigen 1,,,,12,"24,857","60,252"
395,Honkasuo,Hongasmossa,Honkasuo,Naapuripellontie 27,Naboängsvägen 27,,,,16,"24,847","60,256"
396,Malminkartanonhuippu,Malmgårdstoppen,Malminkartano Hill,Naapuripellontie 7,Naboängsvägen 7,,,,12,"24,849","60,25"
397,Hankasuontie,Hankmossvägen,Hankasuontie,Malminkartanontie 2,Malmgårdsvägen,,,,16,"24,848","60,245"
398,Ajomiehentie,Körkarlsvägen,Ajomiehentie,Ajomiehentie 1,Körkarlsvägen 1,,,,20,"24,851","60,239"
399,Vähäntuvantie,Lillstuvägen,Vähäntuvantie,Kylväjäntie 12,Såningsmansvägen 12,,,,14,"24,846","60,232"
400,Kuusisaari,Granö,Kuusisaari,Kuusisaarenpolku 1,Granöstigen 1,,,,16,"24,857","60,185"
401,Koivusaari (M),Björkholmens metrostation,Koivusaari metro station,Sotkatie 11,Dykandsvägen 11,,,,16,"24,855","60,163"
402,Bermudankuja,Bermudagränden,Välimerenkatu,Atlantinkatu 10,Atlantgatan 10,,,,16,"24,91","60,155"
403,Verkkosaari,Nätholmen,Verkkosaari,Tukkutorinkuja 3,Partitorgsgränden,,,,20,"24,978","60,19"
404,Sompasaari,Sumparn,Sompasaari,Sompasaarenlaituri 2,Sumparkajen 2,,,,14,"24,976","60,183"
405,Jollas,Jollas,Jollas,Jollaksentie 33,Jollasvägen 33,,,,16,"25,062","60,164"
